Last Name,First Name,Email Address,Grade
Busby,Thea,BusbyT@fakeCollege.ac.uk,4
Beach,Shelbie,BeachS@fakeCollege.ac.uk,0
Bowers,Jocelyn,BowersJ@fakeCollege.ac.uk,10
Larson,Safiyyah,LarsonS@fakeCollege.ac.uk,0
Hope,Tomasz,HopeT@fakeCollege.ac.uk,4
Mathis,Montel,MathisM@fakeCollege.ac.uk,2
Moody,Jordan,MoodyJ@fakeCollege.ac.uk,13
Parks,Derren,ParksD@fakeCollege.ac.uk,11
Coffey,Devante,CoffeyD@fakeCollege.ac.uk,11
Gomez,Dione,GomezD@fakeCollege.ac.uk,15
Rojas,Maureen,RojasM@fakeCollege.ac.uk,13
Lee,Jimmy,LeeJ@fakeCollege.ac.uk,14
Webber,Michelle,WebberM@fakeCollege.ac.uk,15
Wolf,Kade,WolfK@fakeCollege.ac.uk,1
Waters,Adem,WatersA@fakeCollege.ac.uk,7
Smyth,Ian,SmythI@fakeCollege.ac.uk,15
Butt,Ravinder,ButtR@fakeCollege.ac.uk,6
Partridge,Connor,PartridgeC@fakeCollege.ac.uk,15
Couch,Brent,CouchB@fakeCollege.ac.uk,10
Lindsay,Janice,LindsayJ@fakeCollege.ac.uk,2
Macdonald,Ellesha,MacdonaldE@fakeCollege.ac.uk,7
Payne,Annie,PayneA@fakeCollege.ac.uk,6
Townsend,Abdur-Rahman,TownsendA@fakeCollege.ac.uk,7
Nielsen,Lee,NielsenL@fakeCollege.ac.uk,10
Bradford,Madeeha,BradfordM@fakeCollege.ac.uk,12
Lozano,Ezra,LozanoE@fakeCollege.ac.uk,7
English,Nate,EnglishN@fakeCollege.ac.uk,0
James,Alayna,JamesA@fakeCollege.ac.uk,0
Cortes,Martha,CortesM@fakeCollege.ac.uk,11
May,Makenzie,MayM@fakeCollege.ac.uk,6
Soto,Miah,SotoM@fakeCollege.ac.uk,9
Henry,Katie,HenryK@fakeCollege.ac.uk,5
Harmon,Darcy,HarmonD@fakeCollege.ac.uk,2
Callahan,Aimee,CallahanA@fakeCollege.ac.uk,10
Lamb,Konnor,LambK@fakeCollege.ac.uk,15
Montoya,Elli,MontoyaE@fakeCollege.ac.uk,15
Swan,Harrison,SwanH@fakeCollege.ac.uk,5
Thomas,Jagoda,ThomasJ@fakeCollege.ac.uk,15
Dalton,Aleyna,DaltonA@fakeCollege.ac.uk,10
Whelan,Shamas,WhelanS@fakeCollege.ac.uk,0
Neale,Lindsay,NealeL@fakeCollege.ac.uk,0
Bush,Shania,BushS@fakeCollege.ac.uk,0
Welsh,Ciaron,WelshC@fakeCollege.ac.uk,0
O'Quinn,Cassandra,O'QuinnC@fakeCollege.ac.uk,10
Dawson,Courtney,DawsonC@fakeCollege.ac.uk,14
Armitage,Aubrey,ArmitageA@fakeCollege.ac.uk,15
Britt,Isaiah,BrittI@fakeCollege.ac.uk,8
Cabrera,Zakariyah,CabreraZ@fakeCollege.ac.uk,9
Peralta,Jadon,PeraltaJ@fakeCollege.ac.uk,5
Daniels,Atticus,DanielsA@fakeCollege.ac.uk,3
Powell,Jordi,PowellJ@fakeCollege.ac.uk,0
Kelly,Jon-Paul,KellyJ@fakeCollege.ac.uk,14
Mckinney,Mario,MckinneyM@fakeCollege.ac.uk,8
Wagner,River,WagnerR@fakeCollege.ac.uk,10
Hackett,Keaton,HackettK@fakeCollege.ac.uk,13
Singh,Fox,SinghF@fakeCollege.ac.uk,3
Stubbs,Codie,StubbsC@fakeCollege.ac.uk,14
Montes,Kie,MontesK@fakeCollege.ac.uk,3
Dunn,Devin,DunnD@fakeCollege.ac.uk,6
Knights,Hadley,KnightsH@fakeCollege.ac.uk,11
Rennie,Ezekiel,RennieE@fakeCollege.ac.uk,12
Stone,Isabell,StoneI@fakeCollege.ac.uk,3
Tapia,Jodie,TapiaJ@fakeCollege.ac.uk,13
Dalby,Kishan,DalbyK@fakeCollege.ac.uk,8
Bob,Millie-Mae,BobM@fakeCollege.ac.uk,6
Francis,Huma,FrancisH@fakeCollege.ac.uk,5
Petty,Ahmad,PettyA@fakeCollege.ac.uk,15
Branch,Umer,BranchU@fakeCollege.ac.uk,10
Case,Virginia,CaseV@fakeCollege.ac.uk,3
Bateman,Brodie,BatemanB@fakeCollege.ac.uk,8
Miles,Sachin,MilesS@fakeCollege.ac.uk,2
Lovell,Rahma,LovellR@fakeCollege.ac.uk,13
Green,Roger,GreenR@fakeCollege.ac.uk,7
Perez,Paolo,PerezP@fakeCollege.ac.uk,13
Wise,Tracey,WiseT@fakeCollege.ac.uk,8
Wharton,Asiyah,WhartonA@fakeCollege.ac.uk,9
Mcdonald,Riya,McdonaldR@fakeCollege.ac.uk,15
Guy,Penelope,GuyP@fakeCollege.ac.uk,12
Lister,Frederic,ListerF@fakeCollege.ac.uk,8
Horner,Braydon,HornerB@fakeCollege.ac.uk,2
Donaldson,Najma,DonaldsonN@fakeCollege.ac.uk,12
Campos,Christina,CamposC@fakeCollege.ac.uk,14
Bonilla,Leonard,BonillaL@fakeCollege.ac.uk,0
Burris,Amna,BurrisA@fakeCollege.ac.uk,10
Farrell,Chanice,FarrellC@fakeCollege.ac.uk,6
Daly,Sarah-Louise,DalyS@fakeCollege.ac.uk,3
Avery,Santino,AveryS@fakeCollege.ac.uk,1
Mcgee,Skylar,McgeeS@fakeCollege.ac.uk,8
Rasmussen,Edith,RasmussenE@fakeCollege.ac.uk,6
Moreno,Asha,MorenoA@fakeCollege.ac.uk,3
Matthews,Kayla,MatthewsK@fakeCollege.ac.uk,2
Schultz,Caleb,SchultzC@fakeCollege.ac.uk,11
Irwin,Riccardo,IrwinR@fakeCollege.ac.uk,7
Fletcher,June,FletcherJ@fakeCollege.ac.uk,13
Fuller,Armaan,FullerA@fakeCollege.ac.uk,5
Hopper,Rubie,HopperR@fakeCollege.ac.uk,5
Mcbride,Mayson,McbrideM@fakeCollege.ac.uk,11
Whittle,Jacqueline,WhittleJ@fakeCollege.ac.uk,9
Huynh,Griff,HuynhG@fakeCollege.ac.uk,3
Tang,Perry,TangP@fakeCollege.ac.uk,11
Coleman,Ariel,ColemanA@fakeCollege.ac.uk,3
Russo,Brenda,RussoB@fakeCollege.ac.uk,15
Gentry,Christine,GentryC@fakeCollege.ac.uk,10
Lucas,Lyla-Rose,LucasL@fakeCollege.ac.uk,10
Bennett,Zakariya,BennettZ@fakeCollege.ac.uk,2
Hart,Hamid,HartH@fakeCollege.ac.uk,2
Richard,Mila,RichardM@fakeCollege.ac.uk,2
Schmitt,Theodore,SchmittT@fakeCollege.ac.uk,5
Carpenter,Eli,CarpenterE@fakeCollege.ac.uk,11
Rivera,Madison,RiveraM@fakeCollege.ac.uk,4
Sweeney,Sahara,SweeneyS@fakeCollege.ac.uk,10
Dickson,Ellenor,DicksonE@fakeCollege.ac.uk,9
Benton,Eloise,BentonE@fakeCollege.ac.uk,1
Chadwick,Sunil,ChadwickS@fakeCollege.ac.uk,5
Hickman,Layla,HickmanL@fakeCollege.ac.uk,9
Merritt,Rebekah,MerrittR@fakeCollege.ac.uk,10
Gomez,Zhane,GomezZ@fakeCollege.ac.uk,1
Curtis,Charly,CurtisC@fakeCollege.ac.uk,12
Marriott,Fletcher,MarriottF@fakeCollege.ac.uk,8
Finley,Amelia-Mae,FinleyA@fakeCollege.ac.uk,15
Bannister,Leroy,BannisterL@fakeCollege.ac.uk,12
Prentice,Stacy,PrenticeS@fakeCollege.ac.uk,5
Strong,Karina,StrongK@fakeCollege.ac.uk,4
Guzman,Garrett,GuzmanG@fakeCollege.ac.uk,1
Ayers,Zac,AyersZ@fakeCollege.ac.uk,15
Hurley,Betsy,HurleyB@fakeCollege.ac.uk,3
Rose,Viaan,RoseV@fakeCollege.ac.uk,0
Wilkins,Kieran,WilkinsK@fakeCollege.ac.uk,4
Rowland,Jayson,RowlandJ@fakeCollege.ac.uk,4
Ferry,Reece,FerryR@fakeCollege.ac.uk,14
Watt,Bessie,WattB@fakeCollege.ac.uk,5
Quintana,Alessia,QuintanaA@fakeCollege.ac.uk,12
Perez,Jean,PerezJ@fakeCollege.ac.uk,12
Franks,Nada,FranksN@fakeCollege.ac.uk,9
Atherton,Aran,AthertonA@fakeCollege.ac.uk,8
Johns,Eman,JohnsE@fakeCollege.ac.uk,15
Santos,Davina,SantosD@fakeCollege.ac.uk,11
Allen,Yuvaan,AllenY@fakeCollege.ac.uk,4
Harvey,Jaime,HarveyJ@fakeCollege.ac.uk,6
Butt,Isabell,ButtI@fakeCollege.ac.uk,9
Ryan,Niyah,RyanN@fakeCollege.ac.uk,10
Brookes,Ainsley,BrookesA@fakeCollege.ac.uk,9
Holloway,Anand,HollowayA@fakeCollege.ac.uk,5
Ortiz,Omer,OrtizO@fakeCollege.ac.uk,11
Preece,Jada,PreeceJ@fakeCollege.ac.uk,3
Riggs,Olivia,RiggsO@fakeCollege.ac.uk,3
Hamer,Belinda,HamerB@fakeCollege.ac.uk,3
Barclay,Cem,BarclayC@fakeCollege.ac.uk,15
Lennon,Jeanette,LennonJ@fakeCollege.ac.uk,7
Hull,Saffa,HullS@fakeCollege.ac.uk,8
Odonnell,Tamera,OdonnellT@fakeCollege.ac.uk,11
Kent,Nadeem,KentN@fakeCollege.ac.uk,14
Lancaster,Irving,LancasterI@fakeCollege.ac.uk,6
Burch,Liya,BurchL@fakeCollege.ac.uk,15
Delgado,Caris,DelgadoC@fakeCollege.ac.uk,4
Stanton,Judy,StantonJ@fakeCollege.ac.uk,3
Solomon,Vivien,SolomonV@fakeCollege.ac.uk,15
Mcnally,Kit,McnallyK@fakeCollege.ac.uk,4
Muir,Nuala,MuirN@fakeCollege.ac.uk,11
Stanley,Heather,StanleyH@fakeCollege.ac.uk,7
Oliver,Benny,OliverB@fakeCollege.ac.uk,7
Adam,Rae,AdamR@fakeCollege.ac.uk,15
Blankenship,Harper-Rose,BlankenshipH@fakeCollege.ac.uk,6
Spooner,Conal,SpoonerC@fakeCollege.ac.uk,13
Rios,Oisin,RiosO@fakeCollege.ac.uk,14
Rodrigues,Alessandro,RodriguesA@fakeCollege.ac.uk,10
Harris,Patience,HarrisP@fakeCollege.ac.uk,7
Price,Donna,PriceD@fakeCollege.ac.uk,0
Griffiths,Margo,GriffithsM@fakeCollege.ac.uk,2
Mckee,Lisa,MckeeL@fakeCollege.ac.uk,3
Mcintyre,Hubert,McintyreH@fakeCollege.ac.uk,0
Meyer,Frederic,MeyerF@fakeCollege.ac.uk,12
Gardiner,Andrew,GardinerA@fakeCollege.ac.uk,6
Shah,Arman,ShahA@fakeCollege.ac.uk,14
Kirkland,Cecelia,KirklandC@fakeCollege.ac.uk,8
Tyson,Mali,TysonM@fakeCollege.ac.uk,9
Collier,Madihah,CollierM@fakeCollege.ac.uk,8
Pena,Toyah,PenaT@fakeCollege.ac.uk,13
Rutledge,Nabilah,RutledgeN@fakeCollege.ac.uk,3
Salter,Rocco,SalterR@fakeCollege.ac.uk,10
Bird,Pierre,BirdP@fakeCollege.ac.uk,3
Lester,Gianni,LesterG@fakeCollege.ac.uk,14
Salas,Layla-Rose,SalasL@fakeCollege.ac.uk,14
Devine,Rhona,DevineR@fakeCollege.ac.uk,11
Felix,Sanya,FelixS@fakeCollege.ac.uk,0
Iles,Campbell,IlesC@fakeCollege.ac.uk,13
Ramirez,Mara,RamirezM@fakeCollege.ac.uk,13
Stout,Lily-Grace,StoutL@fakeCollege.ac.uk,9
Hardy,Etienne,HardyE@fakeCollege.ac.uk,15
Corrigan,Antonina,CorriganA@fakeCollege.ac.uk,12
Espinoza,Opal,EspinozaO@fakeCollege.ac.uk,14
Andrade,Brandi,AndradeB@fakeCollege.ac.uk,1
Lowery,Theodor,LoweryT@fakeCollege.ac.uk,3
Beck,Adem,BeckA@fakeCollege.ac.uk,14
Donnelly,Franklin,DonnellyF@fakeCollege.ac.uk,10
Leach,Seamus,LeachS@fakeCollege.ac.uk,2
Browning,Shanai,BrowningS@fakeCollege.ac.uk,11
Rollins,Shana,RollinsS@fakeCollege.ac.uk,14
Haworth,Kaydon,HaworthK@fakeCollege.ac.uk,5
Cantrell,Paolo,CantrellP@fakeCollege.ac.uk,9
